timestamp_epoch,timestamp_local,day,route,stop_code,eta_epoch,eta_local
1766890738,2025-12-27 21:58:58,2025-12-27,38,7704,1766890632,0
1766890738,2025-12-27 21:58:58,2025-12-27,154,7704,1766892321,27
1766890738,2025-12-27 21:58:58,2025-12-27,95,7704,1766891590,15
1766890738,2025-12-27 21:58:58,2025-12-27,133,7704,1766891943,21
1766890738,2025-12-27 21:58:58,2025-12-27,95,7704,1766890859,2
1766890738,2025-12-27 21:58:58,2025-12-27,95,7704,1766892172,24
1766890738,2025-12-27 21:58:58,2025-12-27,154,7704,1766890764,1
1766890738,2025-12-27 21:58:58,2025-12-27,38,7704,1766891803,18
1766890738,2025-12-27 21:58:58,2025-12-27,133,7704,1766891330,10
1766890743,2025-12-27 21:59:03,2025-12-27,38,7704,1766890646,0
1766890743,2025-12-27 21:59:03,2025-12-27,154,7704,1766892334,27
1766890743,2025-12-27 21:59:03,2025-12-27,95,7704,1766891598,15
1766890743,2025-12-27 21:59:03,2025-12-27,133,7704,1766891945,21
1766890743,2025-12-27 21:59:03,2025-12-27,95,7704,1766890857,2
1766890743,2025-12-27 21:59:03,2025-12-27,95,7704,1766892189,25
1766890743,2025-12-27 21:59:03,2025-12-27,154,7704,1766890776,1
1766890743,2025-12-27 21:59:03,2025-12-27,38,7704,1766891804,18
1766890743,2025-12-27 21:59:03,2025-12-27,133,7704,1766891333,10
1766890757,2025-12-27 21:59:17,2025-12-27,38,7704,1766890632,0
1766890757,2025-12-27 21:59:17,2025-12-27,154,7704,1766892321,27
1766890757,2025-12-27 21:59:17,2025-12-27,95,7704,1766891590,14
1766890757,2025-12-27 21:59:17,2025-12-27,133,7704,1766891943,20
1766890757,2025-12-27 21:59:17,2025-12-27,95,7704,1766890859,2
1766890757,2025-12-27 21:59:17,2025-12-27,95,7704,1766892172,24
1766890757,2025-12-27 21:59:17,2025-12-27,154,7704,1766890764,1
1766890757,2025-12-27 21:59:17,2025-12-27,38,7704,1766891803,18
1766890757,2025-12-27 21:59:17,2025-12-27,133,7704,1766891330,10
1766890762,2025-12-27 21:59:22,2025-12-27,38,7704,1766890632,0
1766890762,2025-12-27 21:59:22,2025-12-27,154,7704,1766892304,26
1766890762,2025-12-27 21:59:22,2025-12-27,95,7704,1766891593,14
1766890762,2025-12-27 21:59:22,2025-12-27,133,7704,1766891941,20
1766890762,2025-12-27 21:59:22,2025-12-27,95,7704,1766890889,3
1766890762,2025-12-27 21:59:22,2025-12-27,95,7704,1766892182,24
1766890762,2025-12-27 21:59:22,2025-12-27,154,7704,1766890764,1
1766890762,2025-12-27 21:59:22,2025-12-27,38,7704,1766891810,18
1766890762,2025-12-27 21:59:22,2025-12-27,133,7704,1766891298,9
1766890775,2025-12-27 21:59:35,2025-12-27,38,7704,1766890632,0
1766890775,2025-12-27 21:59:35,2025-12-27,154,7704,1766892304,26
1766890775,2025-12-27 21:59:35,2025-12-27,95,7704,1766891593,14
1766890775,2025-12-27 21:59:35,2025-12-27,133,7704,1766891941,20
1766890775,2025-12-27 21:59:35,2025-12-27,95,7704,1766890889,2
1766890775,2025-12-27 21:59:35,2025-12-27,95,7704,1766892182,24
1766890775,2025-12-27 21:59:35,2025-12-27,154,7704,1766890764,0
1766890775,2025-12-27 21:59:35,2025-12-27,38,7704,1766891810,18
1766890775,2025-12-27 21:59:35,2025-12-27,133,7704,1766891298,9
1766890781,2025-12-27 21:59:41,2025-12-27,38,7704,1766890646,0
1766890781,2025-12-27 21:59:41,2025-12-27,154,7704,1766892294,26
1766890781,2025-12-27 21:59:41,2025-12-27,95,7704,1766891605,14
1766890781,2025-12-27 21:59:41,2025-12-27,133,7704,1766891941,20
1766890781,2025-12-27 21:59:41,2025-12-27,95,7704,1766890898,2
1766890781,2025-12-27 21:59:41,2025-12-27,95,7704,1766892193,24
1766890781,2025-12-27 21:59:41,2025-12-27,154,7704,1766890758,0
1766890781,2025-12-27 21:59:41,2025-12-27,38,7704,1766891827,18
1766890781,2025-12-27 21:59:41,2025-12-27,133,7704,1766891304,9
1766890794,2025-12-27 21:59:54,2025-12-27,154,7704,1766892279,25
1766890794,2025-12-27 21:59:54,2025-12-27,133,1379,1766892568,30
1766890794,2025-12-27 21:59:54,2025-12-27,95,7704,1766891611,14
1766890794,2025-12-27 21:59:54,2025-12-27,133,7704,1766891941,20
1766890794,2025-12-27 21:59:54,2025-12-27,95,7704,1766890892,2
1766890794,2025-12-27 21:59:54,2025-12-27,95,7704,1766892198,24
1766890794,2025-12-27 21:59:54,2025-12-27,38,7704,1766891825,18
1766890794,2025-12-27 21:59:54,2025-12-27,133,7704,1766891314,9
1766890800,2025-12-27 22:00:00,2025-12-27,154,7704,1766892279,25
1766890800,2025-12-27 22:00:00,2025-12-27,133,1379,1766892568,30
1766890800,2025-12-27 22:00:00,2025-12-27,95,7704,1766891611,14
1766890800,2025-12-27 22:00:00,2025-12-27,133,7704,1766891941,19
1766890800,2025-12-27 22:00:00,2025-12-27,95,7704,1766890892,2
1766890800,2025-12-27 22:00:00,2025-12-27,95,7704,1766892198,24
1766890800,2025-12-27 22:00:00,2025-12-27,38,7704,1766891825,18
1766890800,2025-12-27 22:00:00,2025-12-27,133,7704,1766891314,9
1766890814,2025-12-27 22:00:14,2025-12-27,154,7704,1766892272,25
1766890814,2025-12-27 22:00:14,2025-12-27,133,1379,1766892568,30
1766890814,2025-12-27 22:00:14,2025-12-27,95,7704,1766891606,14
1766890814,2025-12-27 22:00:14,2025-12-27,133,7704,1766891939,19
1766890814,2025-12-27 22:00:14,2025-12-27,95,7704,1766890883,2
1766890814,2025-12-27 22:00:14,2025-12-27,95,7704,1766892178,23
1766890814,2025-12-27 22:00:14,2025-12-27,38,7704,1766891818,17
1766890814,2025-12-27 22:00:14,2025-12-27,133,7704,1766891325,9
1766890819,2025-12-27 22:00:19,2025-12-27,154,7704,1766892279,25
1766890819,2025-12-27 22:00:19,2025-12-27,133,1379,1766892568,30
1766890819,2025-12-27 22:00:19,2025-12-27,95,7704,1766891611,14
1766890819,2025-12-27 22:00:19,2025-12-27,133,7704,1766891941,19
1766890819,2025-12-27 22:00:19,2025-12-27,95,7704,1766890892,2
1766890819,2025-12-27 22:00:19,2025-12-27,95,7704,1766892198,23
1766890819,2025-12-27 22:00:19,2025-12-27,38,7704,1766891825,17
1766890819,2025-12-27 22:00:19,2025-12-27,133,7704,1766891314,9
1766890833,2025-12-27 22:00:33,2025-12-27,154,7704,1766892272,24
1766890833,2025-12-27 22:00:33,2025-12-27,133,1379,1766892568,29
1766890833,2025-12-27 22:00:33,2025-12-27,95,7704,1766891606,13
1766890833,2025-12-27 22:00:33,2025-12-27,133,7704,1766891939,19
1766890833,2025-12-27 22:00:33,2025-12-27,95,7704,1766890883,1
1766890833,2025-12-27 22:00:33,2025-12-27,95,7704,1766892178,23
1766890833,2025-12-27 22:00:33,2025-12-27,38,7704,1766891818,17
1766890833,2025-12-27 22:00:33,2025-12-27,133,7704,1766891325,9
1766890838,2025-12-27 22:00:38,2025-12-27,154,7704,1766892280,25
1766890838,2025-12-27 22:00:38,2025-12-27,133,1379,1766892568,29
1766890838,2025-12-27 22:00:38,2025-12-27,95,7704,1766892605,30
1766890838,2025-12-27 22:00:38,2025-12-27,95,7704,1766891618,13
1766890838,2025-12-27 22:00:38,2025-12-27,133,7704,1766891938,19
1766890838,2025-12-27 22:00:38,2025-12-27,95,7704,1766890864,1
1766890838,2025-12-27 22:00:38,2025-12-27,95,7704,1766892176,23
1766890838,2025-12-27 22:00:38,2025-12-27,38,7704,1766891807,17
1766890838,2025-12-27 22:00:38,2025-12-27,133,7704,1766891297,8
1766890852,2025-12-27 22:00:52,2025-12-27,154,7704,1766892280,24
1766890852,2025-12-27 22:00:52,2025-12-27,133,1379,1766892568,29
1766890852,2025-12-27 22:00:52,2025-12-27,95,7704,1766892605,30
1766890852,2025-12-27 22:00:52,2025-12-27,95,7704,1766891618,13
1766890852,2025-12-27 22:00:52,2025-12-27,133,7704,1766891938,19
1766890852,2025-12-27 22:00:52,2025-12-27,95,7704,1766890864,1
1766890852,2025-12-27 22:00:52,2025-12-27,95,7704,1766892176,23
1766890852,2025-12-27 22:00:52,2025-12-27,38,7704,1766891807,16
1766890852,2025-12-27 22:00:52,2025-12-27,133,7704,1766891297,8
1766890857,2025-12-27 22:00:57,2025-12-27,154,7704,1766892284,24
1766890857,2025-12-27 22:00:57,2025-12-27,133,1379,1766892568,29
1766890857,2025-12-27 22:00:57,2025-12-27,95,7704,1766892615,30
1766890857,2025-12-27 22:00:57,2025-12-27,95,7704,1766891625,13
1766890857,2025-12-27 22:00:57,2025-12-27,38,7704,1766892387,26
1766890857,2025-12-27 22:00:57,2025-12-27,133,7704,1766891939,19
1766890857,2025-12-27 22:00:57,2025-12-27,95,7704,1766890855,0
1766890857,2025-12-27 22:00:57,2025-12-27,95,7704,1766892186,23
1766890857,2025-12-27 22:00:57,2025-12-27,38,7704,1766891801,16
1766890857,2025-12-27 22:00:57,2025-12-27,133,7704,1766891297,8
1766890871,2025-12-27 22:01:11,2025-12-27,154,7704,1766892301,24
1766890871,2025-12-27 22:01:11,2025-12-27,133,1379,1766892568,29
1766890871,2025-12-27 22:01:11,2025-12-27,95,7704,1766892574,29
1766890871,2025-12-27 22:01:11,2025-12-27,95,7704,1766891627,13
1766890871,2025-12-27 22:01:11,2025-12-27,38,7704,1766892397,26
1766890871,2025-12-27 22:01:11,2025-12-27,133,7704,1766891950,18
1766890871,2025-12-27 22:01:11,2025-12-27,95,7704,1766890864,0
1766890871,2025-12-27 22:01:11,2025-12-27,95,7704,1766892211,23
1766890871,2025-12-27 22:01:11,2025-12-27,38,7704,1766891800,16
1766890871,2025-12-27 22:01:11,2025-12-27,133,7704,1766891297,8
1766890877,2025-12-27 22:01:17,2025-12-27,154,7704,1766892277,24
1766890877,2025-12-27 22:01:17,2025-12-27,133,1379,1766892568,29
1766890877,2025-12-27 22:01:17,2025-12-27,95,7704,1766892561,29
1766890877,2025-12-27 22:01:17,2025-12-27,95,7704,1766891619,13
1766890877,2025-12-27 22:01:17,2025-12-27,38,7704,1766892397,26
1766890877,2025-12-27 22:01:17,2025-12-27,133,7704,1766891950,18
1766890877,2025-12-27 22:01:17,2025-12-27,95,7704,1766890855,0
1766890877,2025-12-27 22:01:17,2025-12-27,95,7704,1766892202,23
1766890877,2025-12-27 22:01:17,2025-12-27,38,7704,1766891810,16
1766890877,2025-12-27 22:01:17,2025-12-27,133,7704,1766891309,8
1766890890,2025-12-27 22:01:30,2025-12-27,154,7704,1766892277,24
1766890890,2025-12-27 22:01:30,2025-12-27,133,1379,1766892568,28
1766890890,2025-12-27 22:01:30,2025-12-27,95,7704,1766892561,28
1766890890,2025-12-27 22:01:30,2025-12-27,95,7704,1766891619,13
1766890890,2025-12-27 22:01:30,2025-12-27,38,7704,1766892397,26
1766890890,2025-12-27 22:01:30,2025-12-27,133,7704,1766891950,18
1766890890,2025-12-27 22:01:30,2025-12-27,95,7704,1766890855,0
1766890890,2025-12-27 22:01:30,2025-12-27,95,7704,1766892202,22
1766890890,2025-12-27 22:01:30,2025-12-27,38,7704,1766891810,16
1766890890,2025-12-27 22:01:30,2025-12-27,133,7704,1766891309,7
1766890896,2025-12-27 22:01:36,2025-12-27,154,7704,1766892277,23
1766890896,2025-12-27 22:01:36,2025-12-27,133,1379,1766892568,28
1766890896,2025-12-27 22:01:36,2025-12-27,95,7704,1766892561,28
1766890896,2025-12-27 22:01:36,2025-12-27,95,7704,1766891619,13
1766890896,2025-12-27 22:01:36,2025-12-27,38,7704,1766892397,25
1766890896,2025-12-27 22:01:36,2025-12-27,133,7704,1766891950,18
1766890896,2025-12-27 22:01:36,2025-12-27,95,7704,1766890855,0
1766890896,2025-12-27 22:01:36,2025-12-27,95,7704,1766892202,22
1766890896,2025-12-27 22:01:36,2025-12-27,38,7704,1766891810,16
1766890896,2025-12-27 22:01:36,2025-12-27,133,7704,1766891309,7
1766890910,2025-12-27 22:01:50,2025-12-27,154,7704,1766892235,23
1766890910,2025-12-27 22:01:50,2025-12-27,133,1379,1766892568,28
1766890910,2025-12-27 22:01:50,2025-12-27,95,7704,1766892551,28
1766890910,2025-12-27 22:01:50,2025-12-27,95,7704,1766891607,12
1766890910,2025-12-27 22:01:50,2025-12-27,38,7704,1766892408,25
1766890910,2025-12-27 22:01:50,2025-12-27,133,7704,1766891939,18
1766890910,2025-12-27 22:01:50,2025-12-27,95,7704,1766890864,0
1766890910,2025-12-27 22:01:50,2025-12-27,95,7704,1766892181,22
1766890910,2025-12-27 22:01:50,2025-12-27,38,7704,1766891820,16
1766890910,2025-12-27 22:01:50,2025-12-27,133,7704,1766891329,7
1766890915,2025-12-27 22:01:55,2025-12-27,154,7704,1766892190,22
1766890915,2025-12-27 22:01:55,2025-12-27,133,1379,1766892568,28
1766890915,2025-12-27 22:01:55,2025-12-27,95,7704,1766892542,28
1766890915,2025-12-27 22:01:55,2025-12-27,95,7704,1766891628,12
1766890915,2025-12-27 22:01:55,2025-12-27,38,7704,1766892439,26
1766890915,2025-12-27 22:01:55,2025-12-27,133,7704,1766891925,17
1766890915,2025-12-27 22:01:55,2025-12-27,95,7704,1766892150,21
1766890915,2025-12-27 22:01:55,2025-12-27,38,7704,1766891809,15
1766890915,2025-12-27 22:01:55,2025-12-27,133,7704,1766891350,8
1766890930,2025-12-27 22:02:10,2025-12-27,154,7704,1766892190,21
1766890930,2025-12-27 22:02:10,2025-12-27,133,1379,1766892568,28
1766890930,2025-12-27 22:02:10,2025-12-27,95,7704,1766892542,27
1766890930,2025-12-27 22:02:10,2025-12-27,95,7704,1766891628,12
1766890930,2025-12-27 22:02:10,2025-12-27,38,7704,1766892439,26
1766890930,2025-12-27 22:02:10,2025-12-27,133,7704,1766891925,17
1766890930,2025-12-27 22:02:10,2025-12-27,95,7704,1766892150,21
1766890930,2025-12-27 22:02:10,2025-12-27,38,7704,1766891809,15
1766890930,2025-12-27 22:02:10,2025-12-27,133,7704,1766891350,7
1766890937,2025-12-27 22:02:17,2025-12-27,154,7704,1766892190,21
1766890937,2025-12-27 22:02:17,2025-12-27,133,1379,1766892568,28
1766890937,2025-12-27 22:02:17,2025-12-27,95,7704,1766892542,27
1766890937,2025-12-27 22:02:17,2025-12-27,95,7704,1766891628,12
1766890937,2025-12-27 22:02:17,2025-12-27,38,7704,1766892439,26
1766890937,2025-12-27 22:02:17,2025-12-27,133,7704,1766891925,17
1766890937,2025-12-27 22:02:17,2025-12-27,95,7704,1766892150,21
1766890937,2025-12-27 22:02:17,2025-12-27,38,7704,1766891809,15
1766890937,2025-12-27 22:02:17,2025-12-27,133,7704,1766891350,7
1766890941,2025-12-27 22:02:21,2025-12-27,154,7704,1766892202,21
1766890941,2025-12-27 22:02:21,2025-12-27,133,1379,1766892568,28
1766890941,2025-12-27 22:02:21,2025-12-27,95,7704,1766892555,27
1766890941,2025-12-27 22:02:21,2025-12-27,95,7704,1766891638,12
1766890941,2025-12-27 22:02:21,2025-12-27,38,7704,1766892445,26
1766890941,2025-12-27 22:02:21,2025-12-27,133,7704,1766891923,17
1766890941,2025-12-27 22:02:21,2025-12-27,95,7704,1766892150,21
1766890941,2025-12-27 22:02:21,2025-12-27,38,7704,1766891802,15
1766890941,2025-12-27 22:02:21,2025-12-27,133,7704,1766891318,7
1766890955,2025-12-27 22:02:35,2025-12-27,154,7704,1766892202,21
1766890955,2025-12-27 22:02:35,2025-12-27,133,1379,1766892568,27
1766890955,2025-12-27 22:02:35,2025-12-27,95,7704,1766892555,27
1766890955,2025-12-27 22:02:35,2025-12-27,95,7704,1766891638,12
1766890955,2025-12-27 22:02:35,2025-12-27,38,7704,1766892445,25
1766890955,2025-12-27 22:02:35,2025-12-27,133,7704,1766891923,17
1766890955,2025-12-27 22:02:35,2025-12-27,95,7704,1766892150,20
1766890955,2025-12-27 22:02:35,2025-12-27,38,7704,1766891802,15
1766890955,2025-12-27 22:02:35,2025-12-27,133,7704,1766891318,7
1766890960,2025-12-27 22:02:40,2025-12-27,154,7704,1766892196,21
1766890960,2025-12-27 22:02:40,2025-12-27,133,1379,1766892568,27
1766890960,2025-12-27 22:02:40,2025-12-27,95,7704,1766892570,27
1766890960,2025-12-27 22:02:40,2025-12-27,95,7704,1766891658,12
1766890960,2025-12-27 22:02:40,2025-12-27,38,7704,1766892449,25
1766890960,2025-12-27 22:02:40,2025-12-27,133,7704,1766891925,17
1766890960,2025-12-27 22:02:40,2025-12-27,95,7704,1766892171,21
1766890960,2025-12-27 22:02:40,2025-12-27,38,7704,1766891795,14
1766890960,2025-12-27 22:02:40,2025-12-27,133,7704,1766891298,6
1766890975,2025-12-27 22:02:55,2025-12-27,154,7704,1766892222,21
1766890975,2025-12-27 22:02:55,2025-12-27,133,1379,1766892568,27
1766890975,2025-12-27 22:02:55,2025-12-27,95,7704,1766892581,27
1766890975,2025-12-27 22:02:55,2025-12-27,95,7704,1766891657,12
1766890975,2025-12-27 22:02:55,2025-12-27,38,7704,1766892463,25
1766890975,2025-12-27 22:02:55,2025-12-27,133,7704,1766891933,16
1766890975,2025-12-27 22:02:55,2025-12-27,95,7704,1766892201,21
1766890975,2025-12-27 22:02:55,2025-12-27,38,7704,1766891815,14
1766890975,2025-12-27 22:02:55,2025-12-27,133,7704,1766891293,6
1766890980,2025-12-27 22:03:00,2025-12-27,154,7704,1766892203,21
1766890980,2025-12-27 22:03:00,2025-12-27,133,1379,1766892568,27
1766890980,2025-12-27 22:03:00,2025-12-27,95,7704,1766892571,27
1766890980,2025-12-27 22:03:00,2025-12-27,95,7704,1766891668,12
1766890980,2025-12-27 22:03:00,2025-12-27,38,7704,1766892456,25
1766890980,2025-12-27 22:03:00,2025-12-27,133,7704,1766891940,16
1766890980,2025-12-27 22:03:00,2025-12-27,95,7704,1766892187,21
1766890980,2025-12-27 22:03:00,2025-12-27,38,7704,1766891801,14
1766890980,2025-12-27 22:03:00,2025-12-27,133,7704,1766891283,6
1766890993,2025-12-27 22:03:13,2025-12-27,154,7704,1766892222,21
1766890993,2025-12-27 22:03:13,2025-12-27,133,1379,1766892568,27
1766890993,2025-12-27 22:03:13,2025-12-27,95,7704,1766892588,27
1766890993,2025-12-27 22:03:13,2025-12-27,95,7704,1766891652,11
1766890993,2025-12-27 22:03:13,2025-12-27,38,7704,1766892469,25
1766890993,2025-12-27 22:03:13,2025-12-27,133,7704,1766891927,16
1766890993,2025-12-27 22:03:13,2025-12-27,95,7704,1766892216,21
1766890993,2025-12-27 22:03:13,2025-12-27,38,7704,1766891827,14
1766890993,2025-12-27 22:03:13,2025-12-27,133,7704,1766891293,5
1766890999,2025-12-27 22:03:19,2025-12-27,154,7704,1766892222,21
1766890999,2025-12-27 22:03:19,2025-12-27,133,1379,1766892568,27
1766890999,2025-12-27 22:03:19,2025-12-27,95,7704,1766892588,27
1766890999,2025-12-27 22:03:19,2025-12-27,95,7704,1766891652,11
1766890999,2025-12-27 22:03:19,2025-12-27,38,7704,1766892469,25
1766890999,2025-12-27 22:03:19,2025-12-27,133,7704,1766891927,16
1766890999,2025-12-27 22:03:19,2025-12-27,95,7704,1766892216,21
1766890999,2025-12-27 22:03:19,2025-12-27,38,7704,1766891827,14
1766890999,2025-12-27 22:03:19,2025-12-27,133,7704,1766891293,5
1766891014,2025-12-27 22:03:34,2025-12-27,154,7704,1766892222,21
1766891014,2025-12-27 22:03:34,2025-12-27,133,1379,1766892568,26
1766891014,2025-12-27 22:03:34,2025-12-27,95,7704,1766892588,27
1766891014,2025-12-27 22:03:34,2025-12-27,95,7704,1766891652,11
1766891014,2025-12-27 22:03:34,2025-12-27,38,7704,1766892469,25
1766891014,2025-12-27 22:03:34,2025-12-27,133,7704,1766891927,16
1766891014,2025-12-27 22:03:34,2025-12-27,95,7704,1766892216,21
1766891014,2025-12-27 22:03:34,2025-12-27,38,7704,1766891827,14
1766891014,2025-12-27 22:03:34,2025-12-27,133,7704,1766891293,5
1766891020,2025-12-27 22:03:40,2025-12-27,154,7704,1766892220,20
1766891020,2025-12-27 22:03:40,2025-12-27,133,1379,1766892568,26
1766891020,2025-12-27 22:03:40,2025-12-27,95,7704,1766892579,26
1766891020,2025-12-27 22:03:40,2025-12-27,95,7704,1766891646,11
1766891020,2025-12-27 22:03:40,2025-12-27,38,7704,1766892468,25
1766891020,2025-12-27 22:03:40,2025-12-27,133,7704,1766891918,15
1766891020,2025-12-27 22:03:40,2025-12-27,95,7704,1766892231,21
1766891020,2025-12-27 22:03:40,2025-12-27,38,7704,1766891833,14
1766891020,2025-12-27 22:03:40,2025-12-27,133,7704,1766891286,5
1766891034,2025-12-27 22:03:54,2025-12-27,154,7704,1766892204,20
1766891034,2025-12-27 22:03:54,2025-12-27,133,1379,1766892568,26
1766891034,2025-12-27 22:03:54,2025-12-27,95,7704,1766892564,26
1766891034,2025-12-27 22:03:54,2025-12-27,95,7704,1766891637,11
1766891034,2025-12-27 22:03:54,2025-12-27,38,7704,1766892478,25
1766891034,2025-12-27 22:03:54,2025-12-27,133,7704,1766891915,15
1766891034,2025-12-27 22:03:54,2025-12-27,95,7704,1766892246,21
1766891034,2025-12-27 22:03:54,2025-12-27,38,7704,1766891830,14
1766891034,2025-12-27 22:03:54,2025-12-27,133,7704,1766891275,4
1766891039,2025-12-27 22:03:59,2025-12-27,154,7704,1766892169,19
1766891039,2025-12-27 22:03:59,2025-12-27,133,1379,1766892568,26
1766891039,2025-12-27 22:03:59,2025-12-27,95,7704,1766892541,26
1766891039,2025-12-27 22:03:59,2025-12-27,95,7704,1766891634,10
1766891039,2025-12-27 22:03:59,2025-12-27,38,7704,1766892484,25
1766891039,2025-12-27 22:03:59,2025-12-27,133,7704,1766891924,15
1766891039,2025-12-27 22:03:59,2025-12-27,95,7704,1766892236,20
1766891039,2025-12-27 22:03:59,2025-12-27,38,7704,1766891829,14
1766891039,2025-12-27 22:03:59,2025-12-27,133,7704,1766891302,5
1766891055,2025-12-27 22:04:15,2025-12-27,154,7704,1766892133,18
1766891055,2025-12-27 22:04:15,2025-12-27,133,1379,1766892568,26
1766891055,2025-12-27 22:04:15,2025-12-27,95,7704,1766892535,25
1766891055,2025-12-27 22:04:15,2025-12-27,95,7704,1766891648,10
1766891055,2025-12-27 22:04:15,2025-12-27,38,7704,1766892495,24
1766891055,2025-12-27 22:04:15,2025-12-27,133,7704,1766891921,15
1766891055,2025-12-27 22:04:15,2025-12-27,95,7704,1766892222,20
1766891055,2025-12-27 22:04:15,2025-12-27,38,7704,1766891838,14
1766891055,2025-12-27 22:04:15,2025-12-27,133,7704,1766891312,5
1766891062,2025-12-27 22:04:22,2025-12-27,154,7704,1766892133,18
1766891062,2025-12-27 22:04:22,2025-12-27,133,1379,1766892568,26
1766891062,2025-12-27 22:04:22,2025-12-27,95,7704,1766892535,25
1766891062,2025-12-27 22:04:22,2025-12-27,95,7704,1766891648,10
1766891062,2025-12-27 22:04:22,2025-12-27,38,7704,1766892495,24
1766891062,2025-12-27 22:04:22,2025-12-27,133,7704,1766891921,15
1766891062,2025-12-27 22:04:22,2025-12-27,95,7704,1766892222,20
1766891062,2025-12-27 22:04:22,2025-12-27,38,7704,1766891838,13
1766891062,2025-12-27 22:04:22,2025-12-27,133,7704,1766891312,5
1766891066,2025-12-27 22:04:26,2025-12-27,154,7704,1766892117,18
1766891066,2025-12-27 22:04:26,2025-12-27,133,1379,1766892568,26
1766891066,2025-12-27 22:04:26,2025-12-27,95,7704,1766892547,25
1766891066,2025-12-27 22:04:26,2025-12-27,95,7704,1766891655,10
1766891066,2025-12-27 22:04:26,2025-12-27,38,7704,1766892500,24
1766891066,2025-12-27 22:04:26,2025-12-27,133,7704,1766891918,15
1766891066,2025-12-27 22:04:26,2025-12-27,95,7704,1766892201,19
1766891066,2025-12-27 22:04:26,2025-12-27,38,7704,1766891844,13
1766891066,2025-12-27 22:04:26,2025-12-27,133,7704,1766891315,5
1766891080,2025-12-27 22:04:40,2025-12-27,154,7704,1766892130,18
1766891080,2025-12-27 22:04:40,2025-12-27,133,1379,1766892568,25
1766891080,2025-12-27 22:04:40,2025-12-27,95,7704,1766892538,25
1766891080,2025-12-27 22:04:40,2025-12-27,95,7704,1766891666,10
1766891080,2025-12-27 22:04:40,2025-12-27,38,7704,1766892497,24
1766891080,2025-12-27 22:04:40,2025-12-27,133,7704,1766891930,15
1766891080,2025-12-27 22:04:40,2025-12-27,95,7704,1766892183,19
1766891080,2025-12-27 22:04:40,2025-12-27,38,7704,1766891862,14
1766891080,2025-12-27 22:04:40,2025-12-27,133,7704,1766891311,4
1766891086,2025-12-27 22:04:46,2025-12-27,154,7704,1766892130,18
1766891086,2025-12-27 22:04:46,2025-12-27,133,1379,1766892568,25
1766891086,2025-12-27 22:04:46,2025-12-27,95,7704,1766892538,25
1766891086,2025-12-27 22:04:46,2025-12-27,95,7704,1766891666,10
1766891086,2025-12-27 22:04:46,2025-12-27,38,7704,1766892497,24
1766891086,2025-12-27 22:04:46,2025-12-27,133,7704,1766891930,15
1766891086,2025-12-27 22:04:46,2025-12-27,95,7704,1766892183,19
1766891086,2025-12-27 22:04:46,2025-12-27,38,7704,1766891862,13
1766891086,2025-12-27 22:04:46,2025-12-27,133,7704,1766891311,4
1766891099,2025-12-27 22:04:59,2025-12-27,154,7704,1766892130,18
1766891099,2025-12-27 22:04:59,2025-12-27,133,1379,1766892568,25
1766891099,2025-12-27 22:04:59,2025-12-27,95,7704,1766892538,24
1766891099,2025-12-27 22:04:59,2025-12-27,95,7704,1766891666,10
1766891099,2025-12-27 22:04:59,2025-12-27,38,7704,1766892497,24
1766891099,2025-12-27 22:04:59,2025-12-27,133,7704,1766891930,14
1766891099,2025-12-27 22:04:59,2025-12-27,95,7704,1766892183,19
1766891099,2025-12-27 22:04:59,2025-12-27,38,7704,1766891862,13
1766891099,2025-12-27 22:04:59,2025-12-27,133,7704,1766891311,4
1766891105,2025-12-27 22:05:05,2025-12-27,154,7704,1766892128,18
1766891105,2025-12-27 22:05:05,2025-12-27,133,1379,1766892568,25
1766891105,2025-12-27 22:05:05,2025-12-27,95,7704,1766892535,24
1766891105,2025-12-27 22:05:05,2025-12-27,95,7704,1766891670,10
1766891105,2025-12-27 22:05:05,2025-12-27,38,7704,1766892495,24
1766891105,2025-12-27 22:05:05,2025-12-27,133,7704,1766891937,14
1766891105,2025-12-27 22:05:05,2025-12-27,95,7704,1766892170,18
1766891105,2025-12-27 22:05:05,2025-12-27,38,7704,1766891859,13
1766891105,2025-12-27 22:05:05,2025-12-27,133,7704,1766891310,4
1766891119,2025-12-27 22:05:19,2025-12-27,154,7704,1766892089,17
1766891119,2025-12-27 22:05:19,2025-12-27,133,1379,1766892568,25
1766891119,2025-12-27 22:05:19,2025-12-27,95,7704,1766892546,24
1766891119,2025-12-27 22:05:19,2025-12-27,95,7704,1766891662,10
1766891119,2025-12-27 22:05:19,2025-12-27,38,7704,1766892488,23
1766891119,2025-12-27 22:05:19,2025-12-27,133,7704,1766891940,14
1766891119,2025-12-27 22:05:19,2025-12-27,95,7704,1766892159,18
1766891119,2025-12-27 22:05:19,2025-12-27,38,7704,1766891856,13
1766891119,2025-12-27 22:05:19,2025-12-27,133,7704,1766891312,4
1766891124,2025-12-27 22:05:24,2025-12-27,154,7704,1766892089,17
1766891124,2025-12-27 22:05:24,2025-12-27,133,1379,1766892568,25
1766891124,2025-12-27 22:05:24,2025-12-27,95,7704,1766892546,24
1766891124,2025-12-27 22:05:24,2025-12-27,95,7704,1766891662,9
1766891124,2025-12-27 22:05:24,2025-12-27,38,7704,1766892488,23
1766891124,2025-12-27 22:05:24,2025-12-27,133,7704,1766891940,14
1766891124,2025-12-27 22:05:24,2025-12-27,95,7704,1766892159,18
1766891124,2025-12-27 22:05:24,2025-12-27,38,7704,1766891856,13
1766891124,2025-12-27 22:05:24,2025-12-27,133,7704,1766891312,4
1766891139,2025-12-27 22:05:39,2025-12-27,154,7704,1766892084,16
1766891139,2025-12-27 22:05:39,2025-12-27,133,1379,1766892568,24
1766891139,2025-12-27 22:05:39,2025-12-27,95,7704,1766892533,24
1766891139,2025-12-27 22:05:39,2025-12-27,95,7704,1766891663,9
1766891139,2025-12-27 22:05:39,2025-12-27,38,7704,1766892482,23
1766891139,2025-12-27 22:05:39,2025-12-27,133,7704,1766891941,14
1766891139,2025-12-27 22:05:39,2025-12-27,95,7704,1766892164,18
1766891139,2025-12-27 22:05:39,2025-12-27,38,7704,1766891857,12
1766891139,2025-12-27 22:05:39,2025-12-27,133,7704,1766891304,3
1766891144,2025-12-27 22:05:44,2025-12-27,154,7704,1766892092,16
1766891144,2025-12-27 22:05:44,2025-12-27,133,1379,1766892568,24
1766891144,2025-12-27 22:05:44,2025-12-27,95,7704,1766892509,23
1766891144,2025-12-27 22:05:44,2025-12-27,95,7704,1766891652,9
1766891144,2025-12-27 22:05:44,2025-12-27,38,7704,1766892481,23
1766891144,2025-12-27 22:05:44,2025-12-27,133,7704,1766891943,14
1766891144,2025-12-27 22:05:44,2025-12-27,95,7704,1766892158,17
1766891144,2025-12-27 22:05:44,2025-12-27,38,7704,1766891853,12
1766891144,2025-12-27 22:05:44,2025-12-27,133,7704,1766891299,3
1766891158,2025-12-27 22:05:58,2025-12-27,154,7704,1766892071,16
1766891158,2025-12-27 22:05:58,2025-12-27,133,1379,1766892568,24
1766891158,2025-12-27 22:05:58,2025-12-27,95,7704,1766892505,23
1766891158,2025-12-27 22:05:58,2025-12-27,95,7704,1766891622,8
1766891158,2025-12-27 22:05:58,2025-12-27,38,7704,1766892478,22
1766891158,2025-12-27 22:05:58,2025-12-27,133,7704,1766891951,14
1766891158,2025-12-27 22:05:58,2025-12-27,95,7704,1766892143,17
1766891158,2025-12-27 22:05:58,2025-12-27,38,7704,1766891859,12
1766891158,2025-12-27 22:05:58,2025-12-27,133,7704,1766891282,3
1766891163,2025-12-27 22:06:03,2025-12-27,154,7704,1766892092,16
1766891163,2025-12-27 22:06:03,2025-12-27,133,1379,1766892568,24
1766891163,2025-12-27 22:06:03,2025-12-27,95,7704,1766892509,23
1766891163,2025-12-27 22:06:03,2025-12-27,95,7704,1766891652,9
1766891163,2025-12-27 22:06:03,2025-12-27,38,7704,1766892481,22
1766891163,2025-12-27 22:06:03,2025-12-27,133,7704,1766891943,13
1766891163,2025-12-27 22:06:03,2025-12-27,95,7704,1766892158,17
1766891163,2025-12-27 22:06:03,2025-12-27,38,7704,1766891853,12
1766891163,2025-12-27 22:06:03,2025-12-27,133,7704,1766891299,3
1766891179,2025-12-27 22:06:19,2025-12-27,154,7704,1766892071,15
1766891179,2025-12-27 22:06:19,2025-12-27,133,1379,1766892568,24
1766891179,2025-12-27 22:06:19,2025-12-27,95,7704,1766892505,23
1766891179,2025-12-27 22:06:19,2025-12-27,95,7704,1766891622,8
1766891179,2025-12-27 22:06:19,2025-12-27,38,7704,1766892478,22
1766891179,2025-12-27 22:06:19,2025-12-27,133,7704,1766891951,13
1766891179,2025-12-27 22:06:19,2025-12-27,95,7704,1766892143,17
1766891179,2025-12-27 22:06:19,2025-12-27,38,7704,1766891859,12
1766891179,2025-12-27 22:06:19,2025-12-27,133,7704,1766891282,2
1766891184,2025-12-27 22:06:24,2025-12-27,154,7704,1766892028,15
1766891184,2025-12-27 22:06:24,2025-12-27,133,1379,1766892568,24
1766891184,2025-12-27 22:06:24,2025-12-27,95,7704,1766892534,23
1766891184,2025-12-27 22:06:24,2025-12-27,95,7704,1766891602,7
1766891184,2025-12-27 22:06:24,2025-12-27,38,7704,1766892473,22
1766891184,2025-12-27 22:06:24,2025-12-27,133,7704,1766891986,14
1766891184,2025-12-27 22:06:24,2025-12-27,95,7704,1766892142,16
1766891184,2025-12-27 22:06:24,2025-12-27,38,7704,1766891891,12
1766891184,2025-12-27 22:06:24,2025-12-27,133,7704,1766891294,2
1766891199,2025-12-27 22:06:39,2025-12-27,154,7704,1766892028,14
1766891199,2025-12-27 22:06:39,2025-12-27,133,1379,1766892568,23
1766891199,2025-12-27 22:06:39,2025-12-27,95,7704,1766892534,23
1766891199,2025-12-27 22:06:39,2025-12-27,95,7704,1766891602,7
1766891199,2025-12-27 22:06:39,2025-12-27,38,7704,1766892473,22
1766891199,2025-12-27 22:06:39,2025-12-27,133,7704,1766891986,14
1766891199,2025-12-27 22:06:39,2025-12-27,95,7704,1766892142,16
1766891199,2025-12-27 22:06:39,2025-12-27,38,7704,1766891891,12
1766891199,2025-12-27 22:06:39,2025-12-27,133,7704,1766891294,2
1766891204,2025-12-27 22:06:44,2025-12-27,154,7704,1766892028,14
1766891204,2025-12-27 22:06:44,2025-12-27,133,1379,1766892568,23
1766891204,2025-12-27 22:06:44,2025-12-27,95,7704,1766892534,23
1766891204,2025-12-27 22:06:44,2025-12-27,95,7704,1766891602,7
1766891204,2025-12-27 22:06:44,2025-12-27,38,7704,1766892473,22
1766891204,2025-12-27 22:06:44,2025-12-27,133,7704,1766891986,14
1766891204,2025-12-27 22:06:44,2025-12-27,95,7704,1766892142,16
1766891204,2025-12-27 22:06:44,2025-12-27,38,7704,1766891891,12
1766891204,2025-12-27 22:06:44,2025-12-27,133,7704,1766891294,2
1766891218,2025-12-27 22:06:58,2025-12-27,154,7704,1766892018,14
1766891218,2025-12-27 22:06:58,2025-12-27,133,1379,1766892568,23
1766891218,2025-12-27 22:06:58,2025-12-27,95,7704,1766892540,23
1766891218,2025-12-27 22:06:58,2025-12-27,95,7704,1766891594,7
1766891218,2025-12-27 22:06:58,2025-12-27,38,7704,1766892474,21
1766891218,2025-12-27 22:06:58,2025-12-27,133,7704,1766891986,13
1766891218,2025-12-27 22:06:58,2025-12-27,95,7704,1766892153,16
1766891218,2025-12-27 22:06:58,2025-12-27,38,7704,1766891891,12
1766891218,2025-12-27 22:06:58,2025-12-27,133,7704,1766891304,2
1766891223,2025-12-27 22:07:03,2025-12-27,154,7704,1766892006,14
1766891223,2025-12-27 22:07:03,2025-12-27,133,1379,1766892568,23
1766891223,2025-12-27 22:07:03,2025-12-27,95,7704,1766892532,22
1766891223,2025-12-27 22:07:03,2025-12-27,95,7704,1766891573,6
1766891223,2025-12-27 22:07:03,2025-12-27,38,7704,1766892478,21
1766891223,2025-12-27 22:07:03,2025-12-27,133,7704,1766891987,13
1766891223,2025-12-27 22:07:03,2025-12-27,95,7704,1766892167,16
1766891223,2025-12-27 22:07:03,2025-12-27,38,7704,1766891881,11
1766891223,2025-12-27 22:07:03,2025-12-27,133,7704,1766891294,2
1766891238,2025-12-27 22:07:18,2025-12-27,154,7704,1766892006,13
1766891238,2025-12-27 22:07:18,2025-12-27,133,1379,1766892568,23
1766891238,2025-12-27 22:07:18,2025-12-27,95,7704,1766892532,22
1766891238,2025-12-27 22:07:18,2025-12-27,95,7704,1766891573,6
1766891238,2025-12-27 22:07:18,2025-12-27,38,7704,1766892478,21
1766891238,2025-12-27 22:07:18,2025-12-27,133,7704,1766891987,13
1766891238,2025-12-27 22:07:18,2025-12-27,95,7704,1766892167,16
1766891238,2025-12-27 22:07:18,2025-12-27,38,7704,1766891881,11
1766891238,2025-12-27 22:07:18,2025-12-27,133,7704,1766891294,1
1766891243,2025-12-27 22:07:23,2025-12-27,154,7704,1766892006,13
1766891243,2025-12-27 22:07:23,2025-12-27,133,1379,1766892568,23
1766891243,2025-12-27 22:07:23,2025-12-27,95,7704,1766892532,22
1766891243,2025-12-27 22:07:23,2025-12-27,95,7704,1766891573,6
1766891243,2025-12-27 22:07:23,2025-12-27,38,7704,1766892478,21
1766891243,2025-12-27 22:07:23,2025-12-27,133,7704,1766891987,13
1766891243,2025-12-27 22:07:23,2025-12-27,95,7704,1766892167,16
1766891243,2025-12-27 22:07:23,2025-12-27,38,7704,1766891881,11
1766891243,2025-12-27 22:07:23,2025-12-27,133,7704,1766891294,1
1766891257,2025-12-27 22:07:37,2025-12-27,154,7704,1766892006,13
1766891257,2025-12-27 22:07:37,2025-12-27,133,1379,1766892568,22
1766891257,2025-12-27 22:07:37,2025-12-27,95,7704,1766892522,22
1766891257,2025-12-27 22:07:37,2025-12-27,95,7704,1766891561,6
1766891257,2025-12-27 22:07:37,2025-12-27,38,7704,1766892472,21
1766891257,2025-12-27 22:07:37,2025-12-27,133,7704,1766891977,12
1766891257,2025-12-27 22:07:37,2025-12-27,95,7704,1766892182,16
1766891257,2025-12-27 22:07:37,2025-12-27,38,7704,1766891863,11
1766891257,2025-12-27 22:07:37,2025-12-27,133,7704,1766891286,1
1766891262,2025-12-27 22:07:42,2025-12-27,154,7704,1766892009,13
1766891262,2025-12-27 22:07:42,2025-12-27,133,1379,1766892568,22
1766891262,2025-12-27 22:07:42,2025-12-27,95,7704,1766892534,22
1766891262,2025-12-27 22:07:42,2025-12-27,95,7704,1766891550,5
1766891262,2025-12-27 22:07:42,2025-12-27,38,7704,1766892468,21
1766891262,2025-12-27 22:07:42,2025-12-27,133,7704,1766891975,12
1766891262,2025-12-27 22:07:42,2025-12-27,95,7704,1766892182,16
1766891262,2025-12-27 22:07:42,2025-12-27,38,7704,1766891863,10
1766891262,2025-12-27 22:07:42,2025-12-27,133,7704,1766891269,1
1766891276,2025-12-27 22:07:56,2025-12-27,154,7704,1766892010,13
1766891276,2025-12-27 22:07:56,2025-12-27,133,1379,1766892568,22
1766891276,2025-12-27 22:07:56,2025-12-27,95,7704,1766892522,21
1766891276,2025-12-27 22:07:56,2025-12-27,95,7704,1766891553,5
1766891276,2025-12-27 22:07:56,2025-12-27,38,7704,1766892484,21
1766891276,2025-12-27 22:07:56,2025-12-27,133,7704,1766891983,12
1766891276,2025-12-27 22:07:56,2025-12-27,95,7704,1766892197,16
1766891276,2025-12-27 22:07:56,2025-12-27,38,7704,1766891877,10
1766891276,2025-12-27 22:07:56,2025-12-27,133,7704,1766891263,0
1766891282,2025-12-27 22:08:02,2025-12-27,154,7704,1766892018,13
1766891282,2025-12-27 22:08:02,2025-12-27,133,1379,1766892568,22
1766891282,2025-12-27 22:08:02,2025-12-27,95,7704,1766892534,21
1766891282,2025-12-27 22:08:02,2025-12-27,95,7704,1766891563,5
1766891282,2025-12-27 22:08:02,2025-12-27,38,7704,1766892491,21
1766891282,2025-12-27 22:08:02,2025-12-27,133,7704,1766892002,12
1766891282,2025-12-27 22:08:02,2025-12-27,95,7704,1766892192,16
1766891282,2025-12-27 22:08:02,2025-12-27,38,7704,1766891884,11
1766891297,2025-12-27 22:08:17,2025-12-27,154,7704,1766892027,13
1766891297,2025-12-27 22:08:17,2025-12-27,133,1379,1766892568,22
1766891297,2025-12-27 22:08:17,2025-12-27,95,7704,1766892519,21
1766891297,2025-12-27 22:08:17,2025-12-27,95,7704,1766891568,5
1766891297,2025-12-27 22:08:17,2025-12-27,38,7704,1766892491,20
1766891297,2025-12-27 22:08:17,2025-12-27,133,7704,1766892002,12
1766891297,2025-12-27 22:08:17,2025-12-27,95,7704,1766892175,15
1766891297,2025-12-27 22:08:17,2025-12-27,38,7704,1766891879,10
1766891302,2025-12-27 22:08:22,2025-12-27,154,7704,1766892027,13
1766891302,2025-12-27 22:08:22,2025-12-27,133,1379,1766892568,22
1766891302,2025-12-27 22:08:22,2025-12-27,95,7704,1766892519,21
1766891302,2025-12-27 22:08:22,2025-12-27,95,7704,1766891568,5
1766891302,2025-12-27 22:08:22,2025-12-27,38,7704,1766892491,20
1766891302,2025-12-27 22:08:22,2025-12-27,133,7704,1766892002,12
1766891302,2025-12-27 22:08:22,2025-12-27,95,7704,1766892175,15
1766891302,2025-12-27 22:08:22,2025-12-27,38,7704,1766891879,10
1766891316,2025-12-27 22:08:36,2025-12-27,154,7704,1766892027,12
1766891316,2025-12-27 22:08:36,2025-12-27,133,1379,1766892568,21
1766891316,2025-12-27 22:08:36,2025-12-27,95,7704,1766892519,21
1766891316,2025-12-27 22:08:36,2025-12-27,95,7704,1766891568,5
1766891316,2025-12-27 22:08:36,2025-12-27,38,7704,1766892491,20
1766891316,2025-12-27 22:08:36,2025-12-27,133,7704,1766892002,12
1766891316,2025-12-27 22:08:36,2025-12-27,95,7704,1766892175,15
1766891316,2025-12-27 22:08:36,2025-12-27,38,7704,1766891879,10
1766891322,2025-12-27 22:08:42,2025-12-27,154,7704,1766892015,12
1766891322,2025-12-27 22:08:42,2025-12-27,133,1379,1766892568,21
1766891322,2025-12-27 22:08:42,2025-12-27,95,7704,1766892514,20
1766891322,2025-12-27 22:08:42,2025-12-27,95,7704,1766891555,4
1766891322,2025-12-27 22:08:42,2025-12-27,38,7704,1766892477,20
1766891322,2025-12-27 22:08:42,2025-12-27,133,7704,1766891998,12
1766891322,2025-12-27 22:08:42,2025-12-27,95,7704,1766892163,14
1766891322,2025-12-27 22:08:42,2025-12-27,38,7704,1766891875,10
1766891336,2025-12-27 22:08:56,2025-12-27,154,7704,1766892016,12
1766891336,2025-12-27 22:08:56,2025-12-27,133,1379,1766892568,21
1766891336,2025-12-27 22:08:56,2025-12-27,95,7704,1766892525,20
1766891336,2025-12-27 22:08:56,2025-12-27,95,7704,1766891553,4
1766891336,2025-12-27 22:08:56,2025-12-27,38,7704,1766892477,19
1766891336,2025-12-27 22:08:56,2025-12-27,133,7704,1766891967,11
1766891336,2025-12-27 22:08:56,2025-12-27,95,7704,1766892153,14
1766891336,2025-12-27 22:08:56,2025-12-27,38,7704,1766891861,9
1766891342,2025-12-27 22:09:02,2025-12-27,154,7704,1766892010,12
1766891342,2025-12-27 22:09:02,2025-12-27,133,1379,1766892568,21
1766891342,2025-12-27 22:09:02,2025-12-27,95,7704,1766892506,20
1766891342,2025-12-27 22:09:02,2025-12-27,95,7704,1766891555,4
1766891342,2025-12-27 22:09:02,2025-12-27,38,7704,1766892471,19
1766891342,2025-12-27 22:09:02,2025-12-27,133,7704,1766891960,11
1766891342,2025-12-27 22:09:02,2025-12-27,95,7704,1766892149,14
1766891342,2025-12-27 22:09:02,2025-12-27,38,7704,1766891834,9
1766891356,2025-12-27 22:09:16,2025-12-27,154,7704,1766892010,11
1766891356,2025-12-27 22:09:16,2025-12-27,133,1379,1766892568,21
1766891356,2025-12-27 22:09:16,2025-12-27,95,7704,1766892506,20
1766891356,2025-12-27 22:09:16,2025-12-27,95,7704,1766891555,4
1766891356,2025-12-27 22:09:16,2025-12-27,38,7704,1766892471,19
1766891356,2025-12-27 22:09:16,2025-12-27,133,7704,1766891960,11
1766891356,2025-12-27 22:09:16,2025-12-27,95,7704,1766892149,14
1766891356,2025-12-27 22:09:16,2025-12-27,38,7704,1766891834,8
1766891361,2025-12-27 22:09:21,2025-12-27,154,7704,1766891995,11
1766891361,2025-12-27 22:09:21,2025-12-27,133,1379,1766892568,21
1766891361,2025-12-27 22:09:21,2025-12-27,95,7704,1766892515,20
1766891361,2025-12-27 22:09:21,2025-12-27,95,7704,1766891548,4
1766891361,2025-12-27 22:09:21,2025-12-27,38,7704,1766892471,19
1766891361,2025-12-27 22:09:21,2025-12-27,133,7704,1766891966,11
1766891361,2025-12-27 22:09:21,2025-12-27,95,7704,1766892140,13
1766891361,2025-12-27 22:09:21,2025-12-27,38,7704,1766891836,8
1766891374,2025-12-27 22:09:34,2025-12-27,154,7704,1766891995,11
1766891374,2025-12-27 22:09:34,2025-12-27,133,1379,1766892568,20
1766891374,2025-12-27 22:09:34,2025-12-27,95,7704,1766892515,19
1766891374,2025-12-27 22:09:34,2025-12-27,95,7704,1766891548,3
1766891374,2025-12-27 22:09:34,2025-12-27,38,7704,1766892471,19
1766891374,2025-12-27 22:09:34,2025-12-27,133,7704,1766891966,10
1766891374,2025-12-27 22:09:34,2025-12-27,95,7704,1766892140,13
1766891374,2025-12-27 22:09:34,2025-12-27,38,7704,1766891836,8
1766891380,2025-12-27 22:09:40,2025-12-27,154,7704,1766892019,11
1766891380,2025-12-27 22:09:40,2025-12-27,133,1379,1766892568,20
1766891380,2025-12-27 22:09:40,2025-12-27,95,7704,1766892546,20
1766891380,2025-12-27 22:09:40,2025-12-27,95,7704,1766891561,3
1766891380,2025-12-27 22:09:40,2025-12-27,38,7704,1766892472,19
1766891380,2025-12-27 22:09:40,2025-12-27,133,7704,1766891974,10
1766891380,2025-12-27 22:09:40,2025-12-27,95,7704,1766892123,13
1766891380,2025-12-27 22:09:40,2025-12-27,38,7704,1766891842,8
1766891394,2025-12-27 22:09:54,2025-12-27,154,7704,1766892019,11
1766891394,2025-12-27 22:09:54,2025-12-27,133,1379,1766892568,20
1766891394,2025-12-27 22:09:54,2025-12-27,95,7704,1766892546,20
1766891394,2025-12-27 22:09:54,2025-12-27,95,7704,1766891561,3
1766891394,2025-12-27 22:09:54,2025-12-27,38,7704,1766892472,18
1766891394,2025-12-27 22:09:54,2025-12-27,133,7704,1766891974,10
1766891394,2025-12-27 22:09:54,2025-12-27,95,7704,1766892123,13
1766891394,2025-12-27 22:09:54,2025-12-27,38,7704,1766891842,8
1766891399,2025-12-27 22:09:59,2025-12-27,154,7704,1766892029,11
1766891399,2025-12-27 22:09:59,2025-12-27,133,1379,1766892568,20
1766891399,2025-12-27 22:09:59,2025-12-27,95,7704,1766892571,20
1766891399,2025-12-27 22:09:59,2025-12-27,95,7704,1766891576,3
1766891399,2025-12-27 22:09:59,2025-12-27,38,7704,1766892464,18
1766891399,2025-12-27 22:09:59,2025-12-27,133,7704,1766891964,10
1766891399,2025-12-27 22:09:59,2025-12-27,95,7704,1766892112,12
1766891399,2025-12-27 22:09:59,2025-12-27,38,7704,1766891855,8
1766891413,2025-12-27 22:10:13,2025-12-27,154,7704,1766892029,11
1766891413,2025-12-27 22:10:13,2025-12-27,133,1379,1766892568,20
1766891413,2025-12-27 22:10:13,2025-12-27,95,7704,1766892571,20
1766891413,2025-12-27 22:10:13,2025-12-27,95,7704,1766891576,3
1766891413,2025-12-27 22:10:13,2025-12-27,38,7704,1766892464,18
1766891413,2025-12-27 22:10:13,2025-12-27,133,7704,1766891964,10
1766891413,2025-12-27 22:10:13,2025-12-27,95,7704,1766892112,12
1766891413,2025-12-27 22:10:13,2025-12-27,38,7704,1766891855,8
1766891418,2025-12-27 22:10:18,2025-12-27,154,7704,1766892029,11
1766891418,2025-12-27 22:10:18,2025-12-27,133,1379,1766892568,20
1766891418,2025-12-27 22:10:18,2025-12-27,95,7704,1766892571,20
1766891418,2025-12-27 22:10:18,2025-12-27,95,7704,1766891576,3
1766891418,2025-12-27 22:10:18,2025-12-27,38,7704,1766892464,18
1766891418,2025-12-27 22:10:18,2025-12-27,133,7704,1766891964,10
1766891418,2025-12-27 22:10:18,2025-12-27,95,7704,1766892112,12
1766891418,2025-12-27 22:10:18,2025-12-27,38,7704,1766891855,8
1766891432,2025-12-27 22:10:32,2025-12-27,154,7704,1766892044,11
1766891432,2025-12-27 22:10:32,2025-12-27,133,1379,1766892568,19
1766891432,2025-12-27 22:10:32,2025-12-27,95,7704,1766892581,20
1766891432,2025-12-27 22:10:32,2025-12-27,95,7704,1766891574,3
1766891432,2025-12-27 22:10:32,2025-12-27,38,7704,1766892464,18
1766891432,2025-12-27 22:10:32,2025-12-27,133,7704,1766891950,9
1766891432,2025-12-27 22:10:32,2025-12-27,95,7704,1766892122,12
1766891432,2025-12-27 22:10:32,2025-12-27,38,7704,1766891853,7
1766891438,2025-12-27 22:10:38,2025-12-27,154,7704,1766892034,10
1766891438,2025-12-27 22:10:38,2025-12-27,133,1379,1766892568,19
1766891438,2025-12-27 22:10:38,2025-12-27,95,7704,1766892587,20
1766891438,2025-12-27 22:10:38,2025-12-27,95,7704,1766891570,3
1766891438,2025-12-27 22:10:38,2025-12-27,38,7704,1766892476,18
1766891438,2025-12-27 22:10:38,2025-12-27,133,7704,1766891924,9
1766891438,2025-12-27 22:10:38,2025-12-27,95,7704,1766892135,12
1766891438,2025-12-27 22:10:38,2025-12-27,38,7704,1766891850,7
1766891452,2025-12-27 22:10:52,2025-12-27,154,7704,1766891992,9
1766891452,2025-12-27 22:10:52,2025-12-27,133,1379,1766892568,19
1766891452,2025-12-27 22:10:52,2025-12-27,95,7704,1766892580,19
1766891452,2025-12-27 22:10:52,2025-12-27,95,7704,1766891570,2
1766891452,2025-12-27 22:10:52,2025-12-27,38,7704,1766892494,18
1766891452,2025-12-27 22:10:52,2025-12-27,133,7704,1766891900,8
1766891452,2025-12-27 22:10:52,2025-12-27,95,7704,1766892147,12
1766891452,2025-12-27 22:10:52,2025-12-27,38,7704,1766891850,7
1766891457,2025-12-27 22:10:57,2025-12-27,154,7704,1766892034,10
1766891457,2025-12-27 22:10:57,2025-12-27,133,1379,1766892568,19
1766891457,2025-12-27 22:10:57,2025-12-27,95,7704,1766892587,19
1766891457,2025-12-27 22:10:57,2025-12-27,95,7704,1766891570,2
1766891457,2025-12-27 22:10:57,2025-12-27,38,7704,1766892476,17
1766891457,2025-12-27 22:10:57,2025-12-27,133,7704,1766891924,8
1766891457,2025-12-27 22:10:57,2025-12-27,95,7704,1766892135,12
1766891457,2025-12-27 22:10:57,2025-12-27,38,7704,1766891850,7
1766891471,2025-12-27 22:11:11,2025-12-27,154,7704,1766891993,9
1766891471,2025-12-27 22:11:11,2025-12-27,133,1379,1766892568,19
1766891471,2025-12-27 22:11:11,2025-12-27,95,7704,1766892579,19
1766891471,2025-12-27 22:11:11,2025-12-27,95,7704,1766891573,2
1766891471,2025-12-27 22:11:11,2025-12-27,38,7704,1766892480,17
1766891471,2025-12-27 22:11:11,2025-12-27,133,7704,1766891908,8
1766891471,2025-12-27 22:11:11,2025-12-27,95,7704,1766892138,12
1766891471,2025-12-27 22:11:11,2025-12-27,38,7704,1766891849,7
1766891477,2025-12-27 22:11:17,2025-12-27,154,7704,1766891988,9
1766891477,2025-12-27 22:11:17,2025-12-27,133,1379,1766892568,19
1766891477,2025-12-27 22:11:17,2025-12-27,95,7704,1766892579,19
1766891477,2025-12-27 22:11:17,2025-12-27,95,7704,1766891579,2
1766891477,2025-12-27 22:11:17,2025-12-27,38,7704,1766892496,17
1766891477,2025-12-27 22:11:17,2025-12-27,133,7704,1766891900,8
1766891477,2025-12-27 22:11:17,2025-12-27,95,7704,1766892142,12
1766891477,2025-12-27 22:11:17,2025-12-27,38,7704,1766891845,7
1766891491,2025-12-27 22:11:31,2025-12-27,154,7704,1766891993,9
1766891491,2025-12-27 22:11:31,2025-12-27,133,1379,1766892568,18
1766891491,2025-12-27 22:11:31,2025-12-27,95,7704,1766892579,19
1766891491,2025-12-27 22:11:31,2025-12-27,95,7704,1766891573,2
1766891491,2025-12-27 22:11:31,2025-12-27,38,7704,1766892480,17
1766891491,2025-12-27 22:11:31,2025-12-27,133,7704,1766891908,7
1766891491,2025-12-27 22:11:31,2025-12-27,95,7704,1766892138,11
1766891491,2025-12-27 22:11:31,2025-12-27,38,7704,1766891849,6
1766891496,2025-12-27 22:11:36,2025-12-27,154,7704,1766891973,8
1766891496,2025-12-27 22:11:36,2025-12-27,133,1379,1766892277,13
1766891496,2025-12-27 22:11:36,2025-12-27,95,7704,1766892558,18
1766891496,2025-12-27 22:11:36,2025-12-27,95,7704,1766891570,2
1766891496,2025-12-27 22:11:36,2025-12-27,38,7704,1766892455,16
1766891496,2025-12-27 22:11:36,2025-12-27,133,7704,1766891927,8
1766891496,2025-12-27 22:11:36,2025-12-27,95,7704,1766892160,12
1766891496,2025-12-27 22:11:36,2025-12-27,38,7704,1766891862,7
1766891511,2025-12-27 22:11:51,2025-12-27,154,7704,1766891973,8
1766891511,2025-12-27 22:11:51,2025-12-27,133,1379,1766892277,13
1766891511,2025-12-27 22:11:51,2025-12-27,95,7704,1766892558,18
1766891511,2025-12-27 22:11:51,2025-12-27,95,7704,1766891570,1
1766891511,2025-12-27 22:11:51,2025-12-27,38,7704,1766892455,16
1766891511,2025-12-27 22:11:51,2025-12-27,133,7704,1766891927,7
1766891511,2025-12-27 22:11:51,2025-12-27,95,7704,1766892160,11
1766891511,2025-12-27 22:11:51,2025-12-27,38,7704,1766891862,6
1766891517,2025-12-27 22:11:57,2025-12-27,154,7704,1766891979,8
1766891517,2025-12-27 22:11:57,2025-12-27,133,1379,1766892307,14
1766891517,2025-12-27 22:11:57,2025-12-27,95,7704,1766892550,18
1766891517,2025-12-27 22:11:57,2025-12-27,95,7704,1766891557,1
1766891517,2025-12-27 22:11:57,2025-12-27,38,7704,1766892466,16
1766891517,2025-12-27 22:11:57,2025-12-27,133,7704,1766891891,7
1766891517,2025-12-27 22:11:57,2025-12-27,95,7704,1766892151,11
1766891517,2025-12-27 22:11:57,2025-12-27,38,7704,1766891884,7
1766891530,2025-12-27 22:12:10,2025-12-27,154,7704,1766891979,8
1766891530,2025-12-27 22:12:10,2025-12-27,133,1379,1766892307,13
1766891530,2025-12-27 22:12:10,2025-12-27,95,7704,1766892550,17
1766891530,2025-12-27 22:12:10,2025-12-27,95,7704,1766891557,1
1766891530,2025-12-27 22:12:10,2025-12-27,38,7704,1766892466,16
1766891530,2025-12-27 22:12:10,2025-12-27,133,7704,1766891891,6
1766891530,2025-12-27 22:12:10,2025-12-27,95,7704,1766892151,11
1766891530,2025-12-27 22:12:10,2025-12-27,38,7704,1766891884,6
1766891536,2025-12-27 22:12:16,2025-12-27,154,7704,1766891984,8
1766891536,2025-12-27 22:12:16,2025-12-27,133,1379,1766892317,13
1766891536,2025-12-27 22:12:16,2025-12-27,95,7704,1766892562,18
1766891536,2025-12-27 22:12:16,2025-12-27,95,7704,1766891549,1
1766891536,2025-12-27 22:12:16,2025-12-27,38,7704,1766892470,16
1766891536,2025-12-27 22:12:16,2025-12-27,133,7704,1766893113,27
1766891536,2025-12-27 22:12:16,2025-12-27,133,7704,1766891878,6
1766891536,2025-12-27 22:12:16,2025-12-27,95,7704,1766892143,11
1766891536,2025-12-27 22:12:16,2025-12-27,38,7704,1766891885,6
1766891550,2025-12-27 22:12:30,2025-12-27,154,7704,1766891984,8
1766891550,2025-12-27 22:12:30,2025-12-27,133,1379,1766892317,13
1766891550,2025-12-27 22:12:30,2025-12-27,95,7704,1766892562,17
1766891550,2025-12-27 22:12:30,2025-12-27,95,7704,1766891549,0
1766891550,2025-12-27 22:12:30,2025-12-27,38,7704,1766892470,16
1766891550,2025-12-27 22:12:30,2025-12-27,133,7704,1766893113,27
1766891550,2025-12-27 22:12:30,2025-12-27,133,7704,1766891878,6
1766891550,2025-12-27 22:12:30,2025-12-27,95,7704,1766892143,10
1766891550,2025-12-27 22:12:30,2025-12-27,38,7704,1766891885,6
1766891555,2025-12-27 22:12:35,2025-12-27,154,7704,1766891985,8
1766891555,2025-12-27 22:12:35,2025-12-27,133,1379,1766892337,14
1766891555,2025-12-27 22:12:35,2025-12-27,95,7704,1766892588,18
1766891555,2025-12-27 22:12:35,2025-12-27,95,7704,1766891557,1
1766891555,2025-12-27 22:12:35,2025-12-27,38,7704,1766892454,15
1766891555,2025-12-27 22:12:35,2025-12-27,133,7704,1766893113,26
1766891555,2025-12-27 22:12:35,2025-12-27,133,7704,1766891867,6
1766891555,2025-12-27 22:12:35,2025-12-27,95,7704,1766892140,10
1766891555,2025-12-27 22:12:35,2025-12-27,38,7704,1766891879,6
1766891569,2025-12-27 22:12:49,2025-12-27,154,7704,1766891985,7
1766891569,2025-12-27 22:12:49,2025-12-27,133,1379,1766892337,13
1766891569,2025-12-27 22:12:49,2025-12-27,95,7704,1766892588,17
1766891569,2025-12-27 22:12:49,2025-12-27,95,7704,1766891557,0
1766891569,2025-12-27 22:12:49,2025-12-27,38,7704,1766892454,15
1766891569,2025-12-27 22:12:49,2025-12-27,133,7704,1766893113,26
1766891569,2025-12-27 22:12:49,2025-12-27,133,7704,1766891867,5
1766891569,2025-12-27 22:12:49,2025-12-27,95,7704,1766892140,10
1766891569,2025-12-27 22:12:49,2025-12-27,38,7704,1766891879,6
1766891574,2025-12-27 22:12:54,2025-12-27,154,7704,1766891994,7
1766891574,2025-12-27 22:12:54,2025-12-27,133,1379,1766892347,13
1766891574,2025-12-27 22:12:54,2025-12-27,95,7704,1766892588,17
1766891574,2025-12-27 22:12:54,2025-12-27,95,7704,1766891549,0
1766891574,2025-12-27 22:12:54,2025-12-27,38,7704,1766892454,15
1766891574,2025-12-27 22:12:54,2025-12-27,133,7704,1766893113,26
1766891574,2025-12-27 22:12:54,2025-12-27,133,7704,1766891840,5
1766891574,2025-12-27 22:12:54,2025-12-27,95,7704,1766892151,10
1766891574,2025-12-27 22:12:54,2025-12-27,38,7704,1766891877,6
1766891588,2025-12-27 22:13:08,2025-12-27,154,7704,1766891995,7
1766891588,2025-12-27 22:13:08,2025-12-27,133,1379,1766892368,13
1766891588,2025-12-27 22:13:08,2025-12-27,95,7704,1766892569,17
1766891588,2025-12-27 22:13:08,2025-12-27,95,7704,1766891557,0
1766891588,2025-12-27 22:13:08,2025-12-27,38,7704,1766892430,15
1766891588,2025-12-27 22:13:08,2025-12-27,133,7704,1766893113,26
1766891588,2025-12-27 22:13:08,2025-12-27,133,7704,1766891840,5
1766891588,2025-12-27 22:13:08,2025-12-27,95,7704,1766892165,10
1766891588,2025-12-27 22:13:08,2025-12-27,38,7704,1766891891,6
1766891594,2025-12-27 22:13:14,2025-12-27,154,7704,1766892005,7
1766891594,2025-12-27 22:13:14,2025-12-27,133,1379,1766892378,14
1766891594,2025-12-27 22:13:14,2025-12-27,95,7704,1766892538,16
1766891594,2025-12-27 22:13:14,2025-12-27,95,7704,1766891549,0
1766891594,2025-12-27 22:13:14,2025-12-27,38,7704,1766892430,14
1766891594,2025-12-27 22:13:14,2025-12-27,133,7704,1766893113,26
1766891594,2025-12-27 22:13:14,2025-12-27,133,7704,1766891848,5
1766891594,2025-12-27 22:13:14,2025-12-27,95,7704,1766892168,10
1766891594,2025-12-27 22:13:14,2025-12-27,38,7704,1766891902,6
1766891608,2025-12-27 22:13:28,2025-12-27,154,7704,1766892015,7
1766891608,2025-12-27 22:13:28,2025-12-27,133,1379,1766892398,14
1766891608,2025-12-27 22:13:28,2025-12-27,95,7704,1766892533,16
1766891608,2025-12-27 22:13:28,2025-12-27,95,7704,1766891557,0
1766891608,2025-12-27 22:13:28,2025-12-27,38,7704,1766892459,15
1766891608,2025-12-27 22:13:28,2025-12-27,133,7704,1766893113,26
1766891608,2025-12-27 22:13:28,2025-12-27,133,7704,1766891871,5
1766891608,2025-12-27 22:13:28,2025-12-27,95,7704,1766892150,10
1766891608,2025-12-27 22:13:28,2025-12-27,38,7704,1766891914,6
1766891615,2025-12-27 22:13:35,2025-12-27,154,7704,1766892005,7
1766891615,2025-12-27 22:13:35,2025-12-27,133,1379,1766892378,13
1766891615,2025-12-27 22:13:35,2025-12-27,95,7704,1766892538,16
1766891615,2025-12-27 22:13:35,2025-12-27,95,7704,1766891549,0
1766891615,2025-12-27 22:13:35,2025-12-27,38,7704,1766892430,14
1766891615,2025-12-27 22:13:35,2025-12-27,133,7704,1766893113,25
1766891615,2025-12-27 22:13:35,2025-12-27,133,7704,1766891848,4
1766891615,2025-12-27 22:13:35,2025-12-27,95,7704,1766892168,10
1766891615,2025-12-27 22:13:35,2025-12-27,38,7704,1766891902,5
1766891629,2025-12-27 22:13:49,2025-12-27,154,7704,1766892025,7
1766891629,2025-12-27 22:13:49,2025-12-27,133,1379,1766892408,13
1766891629,2025-12-27 22:13:49,2025-12-27,95,7704,1766892546,16
1766891629,2025-12-27 22:13:49,2025-12-27,95,7704,1766891549,0
1766891629,2025-12-27 22:13:49,2025-12-27,38,7704,1766892459,14
1766891629,2025-12-27 22:13:49,2025-12-27,133,7704,1766893016,24
1766891629,2025-12-27 22:13:49,2025-12-27,133,7704,1766891881,5
1766891629,2025-12-27 22:13:49,2025-12-27,95,7704,1766892133,9
1766891629,2025-12-27 22:13:49,2025-12-27,38,7704,1766893034,24
1766891629,2025-12-27 22:13:49,2025-12-27,38,7704,1766891914,5
1766891634,2025-12-27 22:13:54,2025-12-27,154,7704,1766892015,7
1766891634,2025-12-27 22:13:54,2025-12-27,133,1379,1766892398,13
1766891634,2025-12-27 22:13:54,2025-12-27,95,7704,1766892533,15
1766891634,2025-12-27 22:13:54,2025-12-27,95,7704,1766891557,0
1766891634,2025-12-27 22:13:54,2025-12-27,38,7704,1766892459,14
1766891634,2025-12-27 22:13:54,2025-12-27,133,7704,1766893113,25
1766891634,2025-12-27 22:13:54,2025-12-27,133,7704,1766891871,4
1766891634,2025-12-27 22:13:54,2025-12-27,95,7704,1766892150,9
1766891634,2025-12-27 22:13:54,2025-12-27,38,7704,1766891914,5
1766891648,2025-12-27 22:14:08,2025-12-27,154,7704,1766892025,7
1766891648,2025-12-27 22:14:08,2025-12-27,133,1379,1766892408,13
1766891648,2025-12-27 22:14:08,2025-12-27,95,7704,1766892546,15
1766891648,2025-12-27 22:14:08,2025-12-27,95,7704,1766891549,0
1766891648,2025-12-27 22:14:08,2025-12-27,38,7704,1766892459,14
1766891648,2025-12-27 22:14:08,2025-12-27,133,7704,1766893016,23
1766891648,2025-12-27 22:14:08,2025-12-27,133,7704,1766891881,4
1766891648,2025-12-27 22:14:08,2025-12-27,95,7704,1766892133,9
1766891648,2025-12-27 22:14:08,2025-12-27,38,7704,1766893034,24
1766891648,2025-12-27 22:14:08,2025-12-27,38,7704,1766891914,5
1766891655,2025-12-27 22:14:15,2025-12-27,154,7704,1766892032,7
1766891655,2025-12-27 22:14:15,2025-12-27,133,1379,1766892428,13
1766891655,2025-12-27 22:14:15,2025-12-27,95,7704,1766892538,15
1766891655,2025-12-27 22:14:15,2025-12-27,95,7704,1766891557,0
1766891655,2025-12-27 22:14:15,2025-12-27,38,7704,1766892467,14
1766891655,2025-12-27 22:14:15,2025-12-27,133,7704,1766893024,23
1766891655,2025-12-27 22:14:15,2025-12-27,133,7704,1766891901,5
1766891655,2025-12-27 22:14:15,2025-12-27,95,7704,1766892111,8
1766891655,2025-12-27 22:14:15,2025-12-27,38,7704,1766893034,23
1766891655,2025-12-27 22:14:15,2025-12-27,38,7704,1766891925,5
1766891669,2025-12-27 22:14:29,2025-12-27,154,7704,1766892026,6
1766891669,2025-12-27 22:14:29,2025-12-27,133,1379,1766892438,13
1766891669,2025-12-27 22:14:29,2025-12-27,95,7704,1766892543,15
1766891669,2025-12-27 22:14:29,2025-12-27,95,7704,1766891549,0
1766891669,2025-12-27 22:14:29,2025-12-27,38,7704,1766892467,14
1766891669,2025-12-27 22:14:29,2025-12-27,133,7704,1766893029,23
1766891669,2025-12-27 22:14:29,2025-12-27,133,7704,1766891911,5
1766891669,2025-12-27 22:14:29,2025-12-27,95,7704,1766892096,8
1766891669,2025-12-27 22:14:29,2025-12-27,38,7704,1766893034,23
1766891669,2025-12-27 22:14:29,2025-12-27,38,7704,1766891932,5
1766891674,2025-12-27 22:14:34,2025-12-27,154,7704,1766892014,6
1766891674,2025-12-27 22:14:34,2025-12-27,133,1379,1766892459,14
1766891674,2025-12-27 22:14:34,2025-12-27,95,7704,1766892557,15
1766891674,2025-12-27 22:14:34,2025-12-27,95,7704,1766891557,0
1766891674,2025-12-27 22:14:34,2025-12-27,38,7704,1766892475,14
1766891674,2025-12-27 22:14:34,2025-12-27,133,7704,1766893037,23
1766891674,2025-12-27 22:14:34,2025-12-27,133,7704,1766891907,4
1766891674,2025-12-27 22:14:34,2025-12-27,95,7704,1766892102,8
1766891674,2025-12-27 22:14:34,2025-12-27,38,7704,1766893039,23
1766891674,2025-12-27 22:14:34,2025-12-27,38,7704,1766891952,5
1766891688,2025-12-27 22:14:48,2025-12-27,154,7704,1766892014,6
1766891688,2025-12-27 22:14:48,2025-12-27,133,1379,1766892459,13
1766891688,2025-12-27 22:14:48,2025-12-27,95,7704,1766892557,15
1766891688,2025-12-27 22:14:48,2025-12-27,95,7704,1766891557,0
1766891688,2025-12-27 22:14:48,2025-12-27,38,7704,1766892475,14
1766891688,2025-12-27 22:14:48,2025-12-27,133,7704,1766893037,23
1766891688,2025-12-27 22:14:48,2025-12-27,133,7704,1766891907,4
1766891688,2025-12-27 22:14:48,2025-12-27,95,7704,1766892102,7
1766891688,2025-12-27 22:14:48,2025-12-27,38,7704,1766893039,23
1766891688,2025-12-27 22:14:48,2025-12-27,38,7704,1766891952,5
1766891694,2025-12-27 22:14:54,2025-12-27,154,7704,1766892014,6
1766891694,2025-12-27 22:14:54,2025-12-27,133,1379,1766892459,13
1766891694,2025-12-27 22:14:54,2025-12-27,95,7704,1766892557,15
1766891694,2025-12-27 22:14:54,2025-12-27,95,7704,1766891557,0
1766891694,2025-12-27 22:14:54,2025-12-27,38,7704,1766892475,13
1766891694,2025-12-27 22:14:54,2025-12-27,133,7704,1766893037,23
1766891694,2025-12-27 22:14:54,2025-12-27,133,7704,1766891907,4
1766891694,2025-12-27 22:14:54,2025-12-27,95,7704,1766892102,7
1766891694,2025-12-27 22:14:54,2025-12-27,38,7704,1766893039,23
1766891694,2025-12-27 22:14:54,2025-12-27,38,7704,1766891952,5
1766891707,2025-12-27 22:15:07,2025-12-27,154,7704,1766892014,6
1766891707,2025-12-27 22:15:07,2025-12-27,133,1379,1766892469,13
1766891707,2025-12-27 22:15:07,2025-12-27,95,7704,1766892578,15
1766891707,2025-12-27 22:15:07,2025-12-27,95,7704,1766891549,0
1766891707,2025-12-27 22:15:07,2025-12-27,38,7704,1766892478,13
1766891707,2025-12-27 22:15:07,2025-12-27,133,7704,1766893047,23
1766891707,2025-12-27 22:15:07,2025-12-27,133,7704,1766891902,4
1766891707,2025-12-27 22:15:07,2025-12-27,95,7704,1766892120,7
1766891707,2025-12-27 22:15:07,2025-12-27,38,7704,1766893044,23
1766891707,2025-12-27 22:15:07,2025-12-27,38,7704,1766891950,5
1766891712,2025-12-27 22:15:12,2025-12-27,154,7704,1766892017,6
1766891712,2025-12-27 22:15:12,2025-12-27,133,1379,1766892489,13
1766891712,2025-12-27 22:15:12,2025-12-27,95,7704,1766892576,15
1766891712,2025-12-27 22:15:12,2025-12-27,95,7704,1766891557,0
1766891712,2025-12-27 22:15:12,2025-12-27,38,7704,1766892478,13
1766891712,2025-12-27 22:15:12,2025-12-27,133,7704,1766893055,23
1766891712,2025-12-27 22:15:12,2025-12-27,133,7704,1766891897,4
1766891712,2025-12-27 22:15:12,2025-12-27,95,7704,1766892131,7
1766891712,2025-12-27 22:15:12,2025-12-27,38,7704,1766893064,23
1766891712,2025-12-27 22:15:12,2025-12-27,38,7704,1766891939,4
1766891726,2025-12-27 22:15:26,2025-12-27,154,7704,1766892032,6
1766891726,2025-12-27 22:15:26,2025-12-27,133,1379,1766892499,13
1766891726,2025-12-27 22:15:26,2025-12-27,95,7704,1766892581,15
1766891726,2025-12-27 22:15:26,2025-12-27,95,7704,1766891549,0
1766891726,2025-12-27 22:15:26,2025-12-27,38,7704,1766892466,13
1766891726,2025-12-27 22:15:26,2025-12-27,133,7704,1766893064,23
1766891726,2025-12-27 22:15:26,2025-12-27,133,7704,1766891888,3
1766891726,2025-12-27 22:15:26,2025-12-27,95,7704,1766892144,7
1766891726,2025-12-27 22:15:26,2025-12-27,38,7704,1766893070,23
1766891726,2025-12-27 22:15:26,2025-12-27,38,7704,1766891934,4
1766891732,2025-12-27 22:15:32,2025-12-27,154,7704,1766892031,5
1766891732,2025-12-27 22:15:32,2025-12-27,133,1379,1766892519,14
1766891732,2025-12-27 22:15:32,2025-12-27,95,7704,1766892583,15
1766891732,2025-12-27 22:15:32,2025-12-27,95,7704,1766891557,0
1766891732,2025-12-27 22:15:32,2025-12-27,38,7704,1766892449,12
1766891732,2025-12-27 22:15:32,2025-12-27,133,7704,1766893069,23
1766891732,2025-12-27 22:15:32,2025-12-27,133,7704,1766891892,3
1766891732,2025-12-27 22:15:32,2025-12-27,95,7704,1766892144,7
1766891732,2025-12-27 22:15:32,2025-12-27,38,7704,1766893085,23
1766891732,2025-12-27 22:15:32,2025-12-27,38,7704,1766891937,4
1766891747,2025-12-27 22:15:47,2025-12-27,154,7704,1766892021,5
1766891747,2025-12-27 22:15:47,2025-12-27,133,1379,1766892529,14
1766891747,2025-12-27 22:15:47,2025-12-27,95,7704,1766892566,14
1766891747,2025-12-27 22:15:47,2025-12-27,95,7704,1766891549,0
1766891747,2025-12-27 22:15:47,2025-12-27,38,7704,1766892444,12
1766891747,2025-12-27 22:15:47,2025-12-27,133,7704,1766893073,23
1766891747,2025-12-27 22:15:47,2025-12-27,133,7704,1766891892,3
1766891747,2025-12-27 22:15:47,2025-12-27,95,7704,1766892146,7
1766891747,2025-12-27 22:15:47,2025-12-27,38,7704,1766893088,23
1766891747,2025-12-27 22:15:47,2025-12-27,38,7704,1766891952,4
1766891752,2025-12-27 22:15:52,2025-12-27,154,7704,1766892021,5
1766891752,2025-12-27 22:15:52,2025-12-27,133,1379,1766892529,13
1766891752,2025-12-27 22:15:52,2025-12-27,95,7704,1766892566,14
1766891752,2025-12-27 22:15:52,2025-12-27,95,7704,1766891549,0
1766891752,2025-12-27 22:15:52,2025-12-27,38,7704,1766892444,12
1766891752,2025-12-27 22:15:52,2025-12-27,133,7704,1766893073,22
1766891752,2025-12-27 22:15:52,2025-12-27,133,7704,1766891892,3
1766891752,2025-12-27 22:15:52,2025-12-27,95,7704,1766892146,7
1766891752,2025-12-27 22:15:52,2025-12-27,38,7704,1766893088,23
1766891752,2025-12-27 22:15:52,2025-12-27,38,7704,1766891952,4
1766891767,2025-12-27 22:16:07,2025-12-27,154,7704,1766892021,5
1766891767,2025-12-27 22:16:07,2025-12-27,133,1379,1766892529,13
1766891767,2025-12-27 22:16:07,2025-12-27,95,7704,1766892566,14
1766891767,2025-12-27 22:16:07,2025-12-27,95,7704,1766891549,0
1766891767,2025-12-27 22:16:07,2025-12-27,38,7704,1766892444,12
1766891767,2025-12-27 22:16:07,2025-12-27,133,7704,1766893073,22
1766891767,2025-12-27 22:16:07,2025-12-27,133,7704,1766891892,3
1766891767,2025-12-27 22:16:07,2025-12-27,95,7704,1766892146,7
1766891767,2025-12-27 22:16:07,2025-12-27,38,7704,1766893088,22
1766891767,2025-12-27 22:16:07,2025-12-27,38,7704,1766891952,4
1766891773,2025-12-27 22:16:13,2025-12-27,154,7704,1766892013,4
1766891773,2025-12-27 22:16:13,2025-12-27,133,1379,1766892540,13
1766891773,2025-12-27 22:16:13,2025-12-27,95,7704,1766892539,13
1766891773,2025-12-27 22:16:13,2025-12-27,95,7704,1766893519,30
1766891773,2025-12-27 22:16:13,2025-12-27,38,7704,1766892457,12
1766891773,2025-12-27 22:16:13,2025-12-27,133,7704,1766893081,22
1766891773,2025-12-27 22:16:13,2025-12-27,133,7704,1766891905,3
1766891773,2025-12-27 22:16:13,2025-12-27,95,7704,1766892106,6
1766891773,2025-12-27 22:16:13,2025-12-27,38,7704,1766893094,22
1766891773,2025-12-27 22:16:13,2025-12-27,38,7704,1766891940,3
1766891787,2025-12-27 22:16:27,2025-12-27,154,7704,1766892015,4
1766891787,2025-12-27 22:16:27,2025-12-27,133,1379,1766892537,13
1766891787,2025-12-27 22:16:27,2025-12-27,95,7704,1766892524,13
1766891787,2025-12-27 22:16:27,2025-12-27,95,7704,1766893519,29
1766891787,2025-12-27 22:16:27,2025-12-27,38,7704,1766892471,12
1766891787,2025-12-27 22:16:27,2025-12-27,133,7704,1766893085,22
1766891787,2025-12-27 22:16:27,2025-12-27,133,7704,1766891901,2
1766891787,2025-12-27 22:16:27,2025-12-27,95,7704,1766892106,6
1766891787,2025-12-27 22:16:27,2025-12-27,38,7704,1766893103,22
1766891787,2025-12-27 22:16:27,2025-12-27,38,7704,1766891950,3
1766891793,2025-12-27 22:16:33,2025-12-27,154,7704,1766892030,4
1766891793,2025-12-27 22:16:33,2025-12-27,133,1379,1766892501,12
1766891793,2025-12-27 22:16:33,2025-12-27,95,7704,1766892506,12
1766891793,2025-12-27 22:16:33,2025-12-27,95,7704,1766893533,29
1766891793,2025-12-27 22:16:33,2025-12-27,38,7704,1766892427,11
1766891793,2025-12-27 22:16:33,2025-12-27,133,7704,1766893086,22
1766891793,2025-12-27 22:16:33,2025-12-27,133,7704,1766891897,2
1766891793,2025-12-27 22:16:33,2025-12-27,95,7704,1766892082,5
1766891793,2025-12-27 22:16:33,2025-12-27,38,7704,1766893105,22
1766891793,2025-12-27 22:16:33,2025-12-27,38,7704,1766891966,3
1766891807,2025-12-27 22:16:47,2025-12-27,154,7704,1766892024,4
1766891807,2025-12-27 22:16:47,2025-12-27,133,1379,1766892501,12
1766891807,2025-12-27 22:16:47,2025-12-27,95,7704,1766892489,12
1766891807,2025-12-27 22:16:47,2025-12-27,95,7704,1766893548,29
1766891807,2025-12-27 22:16:47,2025-12-27,38,7704,1766892426,11
1766891807,2025-12-27 22:16:47,2025-12-27,133,7704,1766893082,22
1766891807,2025-12-27 22:16:47,2025-12-27,133,7704,1766891885,2
1766891807,2025-12-27 22:16:47,2025-12-27,95,7704,1766892094,5
1766891807,2025-12-27 22:16:47,2025-12-27,38,7704,1766893113,22
1766891807,2025-12-27 22:16:47,2025-12-27,38,7704,1766891981,3
1766891813,2025-12-27 22:16:53,2025-12-27,154,7704,1766892024,4
1766891813,2025-12-27 22:16:53,2025-12-27,133,1379,1766892501,12
1766891813,2025-12-27 22:16:53,2025-12-27,95,7704,1766892489,12
1766891813,2025-12-27 22:16:53,2025-12-27,95,7704,1766893548,29
1766891813,2025-12-27 22:16:53,2025-12-27,38,7704,1766892426,11
1766891813,2025-12-27 22:16:53,2025-12-27,133,7704,1766893082,22
1766891813,2025-12-27 22:16:53,2025-12-27,133,7704,1766891885,2
1766891813,2025-12-27 22:16:53,2025-12-27,95,7704,1766892094,5
1766891813,2025-12-27 22:16:53,2025-12-27,38,7704,1766893113,22
1766891813,2025-12-27 22:16:53,2025-12-27,38,7704,1766891981,3
1766980378,2025-12-28 22:52:58,2025-12-28,133,1379,1766980346,0
1766980378,2025-12-28 22:52:58,2025-12-28,95,7704,1766981807,24
1766980378,2025-12-28 22:52:58,2025-12-28,38,7704,1766981238,15
1766980378,2025-12-28 22:52:58,2025-12-28,95,7704,1766981477,19
1766980378,2025-12-28 22:52:58,2025-12-28,95,7704,1766980535,3
1766980378,2025-12-28 22:52:58,2025-12-28,154,7704,1766981531,20
1766980378,2025-12-28 22:52:58,2025-12-28,154,7704,1766981061,12
1766980378,2025-12-28 22:52:58,2025-12-28,133,7704,1766981097,12
1766980378,2025-12-28 22:52:58,2025-12-28,38,7704,1766980619,4
1766980383,2025-12-28 22:53:03,2025-12-28,133,1379,1766980359,0
1766980383,2025-12-28 22:53:03,2025-12-28,95,7704,1766981804,24
1766980383,2025-12-28 22:53:03,2025-12-28,38,7704,1766981249,15
1766980383,2025-12-28 22:53:03,2025-12-28,95,7704,1766981462,18
1766980383,2025-12-28 22:53:03,2025-12-28,95,7704,1766980540,3
1766980383,2025-12-28 22:53:03,2025-12-28,154,7704,1766981519,19
1766980383,2025-12-28 22:53:03,2025-12-28,154,7704,1766981048,12
1766980383,2025-12-28 22:53:03,2025-12-28,133,7704,1766981077,12
1766980383,2025-12-28 22:53:03,2025-12-28,38,7704,1766980600,4
1766980418,2025-12-28 22:53:38,2025-12-28,133,1379,1766980346,0
1766980418,2025-12-28 22:53:38,2025-12-28,95,7704,1766981797,23
1766980418,2025-12-28 22:53:38,2025-12-28,38,7704,1766981213,14
1766980418,2025-12-28 22:53:38,2025-12-28,95,7704,1766981509,19
1766980418,2025-12-28 22:53:38,2025-12-28,95,7704,1766980540,3
1766980418,2025-12-28 22:53:38,2025-12-28,154,7704,1766981551,19
1766980418,2025-12-28 22:53:38,2025-12-28,154,7704,1766981092,12
1766980418,2025-12-28 22:53:38,2025-12-28,133,7704,1766981124,12
1766980418,2025-12-28 22:53:38,2025-12-28,38,7704,1766980628,4
1766980424,2025-12-28 22:53:44,2025-12-28,133,1379,1766980359,0
1766980424,2025-12-28 22:53:44,2025-12-28,95,7704,1766981806,24
1766980424,2025-12-28 22:53:44,2025-12-28,38,7704,1766981220,14
1766980424,2025-12-28 22:53:44,2025-12-28,95,7704,1766981509,19
1766980424,2025-12-28 22:53:44,2025-12-28,95,7704,1766980540,2
1766980424,2025-12-28 22:53:44,2025-12-28,154,7704,1766981535,19
1766980424,2025-12-28 22:53:44,2025-12-28,154,7704,1766981085,11
1766980424,2025-12-28 22:53:44,2025-12-28,133,7704,1766981126,12
1766980424,2025-12-28 22:53:44,2025-12-28,38,7704,1766980623,4
